{
  "project_info": {
    "project_number": "760204441214",
    "project_id": "potstargram",
    "storage_bucket": "potstargram.appspot.com"
  },
  "client": [
    {
      "client_info": {
        "mobilesdk_app_id": "1:760204441214:android:b74528227afdc1ce4a4a2f",
        "android_client_info": {
          "package_name": "com.example.a3rdproject"
        }
      },
      "oauth_client": [
        {
          "client_id": "760204441214-idhj2s0vcqvq1kgrsbqccdf04k1bns04.apps.googleusercontent.com",
          "client_type": 3
        }
      ],
      "api_key": [
        {
          "current_key": "AIzaSyCY22vi49jAfwMvtnsjLRnhod4XTnXjmWI"
        }
      ],
      "services": {
        "appinvite_service": {
          "other_platform_oauth_client": [
            {
              "client_id": "760204441214-idhj2s0vcqvq1kgrsbqccdf04k1bns04.apps.googleusercontent.com",
              "client_type": 3
            }
          ]
        }
      }
    }
  ],
  "configuration_version": "1"
}